S1;M;0;10,18,33;7,42,75;2,35,109;0;7,98,95;1,60,30;0;0;0
S2;M;10,18,33;0;3,97,71;7,64,47;1,31,30;0;10,44,31;10,66,24;10,25,27;0
S3;M;7,42,75;3,97,71;0;3,34,88;4,41,38;9,27,7;0;1,3,84;8,2,30;8,26,84
S4;O;2,35,109;7,64,47;3,34,88;0;6,7,105;9,89,53;10,88,88;0;0;2,76,79
S5;O;0;1,31,30;4,41,38;6,7,105;0;0;0;3,87,98;0;1,2,1
S6;O;7,98,95;0;9,27,7;9,89,53;0;0;0;0;0;0
S7;M;1,60,30;10,44,31;0;10,88,88;0;0;0;0;0;0
S8;M;0;10,66,24;1,3,84;0;3,87,98;0;0;0;1,38,120;0
S9;N;0;10,25,27;8,2,30;0;0;0;0;1,38,120;0;0
S10;O;0;0;8,26,84;2,76,79;1,2,1;0;0;0;0;0
